retention_time,scale,skew,amplitude,area,signal_maximum,peak_id
0.54,0.07070922321336659,1.1661865833465073,19.829365973225045,11897.619583935026,142.27696546877482,1
